{
  "宁波站": [
    29.8629414928399,
    121.53739804767
  ],
  "北京南站": [
    39.865,
    116.3785
  ],
  "北京大学": [
    39.992873,
    116.310918
  ],
  "天津站": [
    39.1367,
    117.2056
  ],
  "杭州东站": [
    30.2925,
    120.2119
  ],
  "北京站": [
    39.9024,
    116.4274
  ],
  "海拉尔站": [
    49.2116,
    119.7666
  ],
  "海拉尔": [
    49.234715,
    119.824542
  ],
  "红花尔基": [
    48.257312,
    119.991783
  ],
  "巴日图": [
    47.829751,
    119.4789
  ],
  "伊尔施": [
    47.29983,
    119.883351
  ],
  "大石寨服务区": [
    46.266603,
    121.377841
  ],
  "乌兰浩特": [
    46.072233,
    122.093309
  ],
  "白城": [
    45.620131,
    122.838102
  ],
  "白城站": [
    45.6196,
    122.8387
  ],
  "长春站": [
    43.9054,
    125.3255
  ],
  "吉林站": [
    43.8379,
    126.5496
  ],
  "舒兰站": [
    44.4071,
    126.9476
  ],
  "舒兰": [
    44.405922,
    126.965515
  ],
  "蛟河": [
    43.72382,
    127.344773
  ],
  "敦化": [
    43.372669,
    128.232235
  ],
  "大蒲柴河": [
    42.886576,
    128.046898
  ],
  "抚松": [
    42.221038,
    127.449387
  ],
  "临江": [
    41.811979,
    126.918087
  ],
  "通化": [
    41.728312,
    125.939721
  ],
  "桓仁": [
    41.267048,
    125.361061
  ],
  "宽甸": [
    40.731319,
    124.783674
  ],
  "丹东": [
    40.000646,
    124.354419
  ],
  "大郑": [
    39.613343,
    122.738431
  ],
  "大连": [
    38.913962,
    121.614786
  ],
  "大连北站": [
    39.0151,
    121.5389
  ],
  "上海站": [
    31.249574,
    121.455708
  ],
  "上海南站": [
    31.1547,
    121.4298
  ],
  "杭州萧山机场": [
    30.234708,
    120.432413
  ],
  "北京首都机场": [
    40.080213,
    116.602545
  ],
  "桐乡站": [
    30.63,
    120.54
  ],
  "上海虹桥站": [
    31.1945,
    121.3188
  ],
  "拉萨站": [
    29.6259,
    91.1384
  ],
  "拉萨": [
    29.653491,
    91.171924
  ],
  "林芝索松村": [
    29.58235,
    94.900406
  ],
  "日喀则": [
    29.266838,
    88.880423
  ],
  "定日曲宗村": [
    28.305503,
    86.895885
  ],
  "日喀则站": [
    29.2675,
    88.8823
  ],
  "拉萨贡嘎机场": [
    29.294506,
    90.907599
  ],
  "成都双流机场": [
    30.559807,
    103.951229
  ],
  "宁波栎社机场": [
    29.821287,
    121.466363
  ],
  "南浦大桥长途旅游客运站": [
    31.208154,
    121.50133
  ],
  "岱山竹屿码头": [
    30.241081,
    122.229553
  ],
  "喀什徠宁机场": [
    39.541179,
    76.024433
  ],
  "喀什": [
    39.470215,
    75.990618
  ],
  "塔什库尔干塔吉克自治县": [
    37.772094,
    75.229889
  ],
  "喀什徕宁机场": [
    39.541179,
    76.024433
  ],
  "乌鲁木齐地窝堡机场": [
    43.9071,
    87.4742
  ],
  "上海浦东机场": [
    31.1434,
    121.8052
  ],
  "北京大兴机场": [
    39.5098,
    116.4109
  ],
  "成都": [
    30.572961,
    104.066301
  ],
  "九寨沟": [
    33.142376,
    103.912874
  ],
  "新都桥": [
    30.033269,
    101.509559
  ],
  "香格里拉镇": [
    28.560659171986423,
    100.34800828845479
  ],
  "甘孜稻城亚丁景区": [
    28.459883652290273,
    100.28833794964964
  ],
  "成都东站": [
    30.628779,
    104.140947
  ],
  "沙坪坝站": [
    29.541,
    106.456
  ],
  "重庆西站": [
    29.5029,
    106.4335
  ],
  "贵阳北站": [
    26.6512,
    106.6306
  ],
  "昆明南站": [
    24.88,
    102.833
  ],
  "长沙南站": [
    28.1469,
    113.0645
  ],
  "金华站": [
    29.079,
    119.6474
  ],
  "青岛站": [
    36.0671,
    120.3826
  ],
  "青岛北站": [
    36.1694,
    120.3824
  ],
  "北京北站": [
    39.9425,
    116.3536
  ],
  "大同南站": [
    40.0394,
    113.3
  ],
  "南京南站": [
    31.9744,
    118.804
  ],
  "定海汽车客运中心": [
    30.021407,
    122.06249
  ],
  "徐州东站": [
    34.2694,
    117.2064
  ],
  "杭州南站": [
    30.172196379350876,
    120.29337945538573
  ],
  "广州站": [
    23.1482,
    113.2644
  ],
  "广州白云机场": [
    23.3924,
    113.2988
  ],
  "杭州西站": [
    30.2966,
    119.9989
  ],
  "西双版纳嘎洒机场": [
    21.9737,
    100.7656
  ],
  "西双版纳站": [
    21.9737,
    100.7656
  ],
  "Luang Prabang Station": [
    19.867496,
    102.21401
  ],
  "Luang Prabang Slow Boat Terminal": [
    19.924889693412215,
    102.18046162648591
  ],
  "Pak Beng Slow Boat Pier": [
    19.891912056179738,
    101.12926611194851
  ],
  "Houayxay Slow Boat Pier": [
    20.285056907520673,
    100.40726694337108
  ],
  "Chiang Khong Custom": [
    20.21539986406964,
    100.43528298856795
  ],
  "Chiang Rai BT1": [
    19.904645345183543,
    99.83419860546132
  ],
  "Chiang Mai BT3": [
    18.799906188457545,
    99.01778681437301
  ],
  "Chiang Mai Station": [
    18.783987982107366,
    99.01697066090912
  ],
  "Krung Thep Aphiwat Station": [
    13.803965,
    100.54192
  ],
  "Padang Besar (Thailand) Station": [
    6.668834,
    100.324502
  ],
  "Butterworth Station": [
    5.393295,
    100.366588
  ],
  "Ipoh Station": [
    4.59748,
    101.073073
  ],
  "KL Sentral Station": [
    3.134553,
    101.686163
  ],
  "KL Sentral": [
    3.134553,
    101.686163
  ],
  "Melaka Sentral": [
    2.220788,
    102.249576
  ],
  "Queen Street Bus Terminal": [
    1.3037915024280866,
    103.85637131444832
  ],
  "新加坡樟宜机场": [
    1.3600191429425401,
    103.99034890910673
  ],
  "贵阳龙洞堡机场": [
    26.537812,
    106.805223
  ],
  "香港西九龙站": [
    22.3047,
    114.1614
  ],
  "深圳宝安机场": [
    22.636116,
    113.808156
  ],
  "杭州": [
    30.246566,
    120.209903
  ],
  "宁波": [
    29.860258,
    121.62454
  ],
  "舟山": [
    29.985578,
    122.207395
  ],
  "新城汽车客运站": [
    29.984926,
    122.197936
  ],
  "大阪关西机场": [
    34.43236961854428,
    135.2367316380893
  ],
  "Kansai Airport": [
    34.44215795335824,
    135.24551342100017
  ],
  "Kobe Airport": [
    34.64736755537579,
    135.2263105156937
  ],
  "Hanakuma Station": [
    34.68666412605449,
    135.1817027833542
  ],
  "Osaka Umeda Station": [
    34.70518925342407,
    135.49842025720602
  ],
  "Osaka Namba Station": [
    34.6670937738638,
    135.50032728975697
  ],
  "Kintetsu Nara Station": [
    34.684215658787814,
    135.8272991186829
  ],
  "Nara Station": [
    34.68038921656526,
    135.81862603987315
  ],
  "Uji Station": [
    34.89049898942451,
    135.80008801903352
  ],
  "Kyoto Station": [
    34.98483997845041,
    135.75907296595332
  ],
  "MISHIMA Station": [
    35.12689861185926,
    138.91012066547484
  ],
  "Kawaguchiko Station": [
    35.126862232090254,
    138.9106016382739
  ],
  "Kawaguchiko Eki": [
    35.49824021801628,
    138.7688320800226
  ],
  "Fujisawa Eki Kitaguchi": [
    35.33965102578278,
    139.48768842626868
  ],
  "Fujisawa Station": [
    35.337165524126384,
    139.48727974316162
  ],
  "Enoshima Station": [
    35.31104802816019,
    139.4873810241053
  ],
  "Kamakura Station": [
    35.319160968106395,
    139.55042262584834
  ],
  "Tawaramachi Station": [
    35.71005750488877,
    139.79071203935615
  ],
  "Asakusa Station": [
    35.712028206501834,
    139.7983535642104
  ],
  "Narita Airport Terminal 2･3 Station": [
    35.77325737732049,
    140.38722669621947
  ],
  "东京成田机场": [
    35.77084793179902,
    140.38426152315574
  ]
}