{
  "宁波站": [
    29.8629414928399,
    121.53739804767
  ],
  "北京南站": [
    39.865,
    116.3785
  ],
  "天津站": [
    39.1367,
    117.2056
  ],
  "杭州东站": [
    30.2925,
    120.2119
  ],
  "北京站": [
    39.9024,
    116.4274
  ],
  "海拉尔站": [
    49.2116,
    119.7666
  ],
  "呼伦贝尔": [
    49.166536,
    119.77845
  ],
  "白城": [
    45.620131,
    122.838102
  ],
  "白城站": [
    45.6196,
    122.8387
  ],
  "长春站": [
    43.9054,
    125.3255
  ],
  "吉林站": [
    43.8379,
    126.5496
  ],
  "舒兰站": [
    44.4071,
    126.9476
  ],
  "舒兰": [
    44.405922,
    126.965515
  ],
  "大连": [
    38.913962,
    121.614786
  ],
  "大连北站": [
    39.0151,
    121.5389
  ],
  "上海站": [
    31.249574,
    121.455708
  ],
  "上海南站": [
    31.1547,
    121.4298
  ],
  "杭州萧山T1": [
    30.234134,
    120.430634
  ],
  "北京首都T3": [
    40.065329,
    116.613638
  ],
  "桐乡站": [
    30.63,
    120.54
  ],
  "上海虹桥站": [
    31.1945,
    121.3188
  ],
  "拉萨站": [
    29.6259,
    91.1384
  ],
  "日喀则站": [
    29.2675,
    88.8823
  ],
  "拉萨贡嘎T2": [
    29.29048,
    90.899976
  ],
  "成都双流T2": [
    30.569798,
    103.955194
  ],
  "宁波栎社T2": [
    29.820289,
    121.46108
  ],
  "北京首都T2": [
    40.079904,
    116.594548
  ],
  "喀什徠宁": [
    39.541179,
    76.024433
  ],
  "喀什徕宁": [
    39.541179,
    76.024433
  ],
  "乌鲁木齐地窝堡T2": [
    43.902179,
    87.472381
  ],
  "上海浦东T2": [
    31.151069,
    121.809431
  ],
  "大兴": [
    39.510561,
    116.429172
  ],
  "成都双流T1": [
    30.579524,
    103.956727
  ],
  "成都东站": [
    30.628779,
    104.140947
  ],
  "沙坪坝站": [
    29.541,
    106.456
  ],
  "重庆西站": [
    29.5029,
    106.4335
  ],
  "贵阳北站": [
    26.6512,
    106.6306
  ],
  "昆明南站": [
    24.88,
    102.833
  ],
  "长沙南站": [
    28.1469,
    113.0645
  ],
  "金华站": [
    29.079,
    119.6474
  ],
  "栎社": [
    29.821287,
    121.466363
  ],
  "青岛站": [
    36.0671,
    120.3826
  ],
  "青岛北站": [
    36.1694,
    120.3824
  ],
  "北京北站": [
    39.9425,
    116.3536
  ],
  "大同南站": [
    40.0394,
    113.3
  ],
  "南京南站": [
    31.9744,
    118.804
  ],
  "徐州东站": [
    34.2694,
    117.2064
  ],
  "杭州南站": [
    30.172196379350876,
    120.29337945538573
  ],
  "广州站": [
    23.1482,
    113.2644
  ],
  "广州白云T1": [
    23.386628,
    113.30307
  ],
  "杭州萧山T3": [
    30.238782,
    120.435702
  ],
  "杭州西站": [
    30.2966,
    119.9989
  ],
  "嘎洒": [
    21.972406,
    100.764783
  ],
  "西双版纳站": [
    21.9737,
    100.7656
  ],
  "Luang Prabang Station": [
    19.867496,
    102.21401
  ],
  "Luang Prabang Slow Boat Terminal": [
    19.924889693412215,
    102.18046162648591
  ],
  "Houayxay Slow Boat Pier": [
    20.285056907520673,
    100.40726694337108
  ],
  "Chiang Khong Custom": [
    20.21539986406964,
    100.43528298856795
  ],
  "Chiang Rai BT1": [
    19.904645345183543,
    99.83419860546132
  ],
  "Chiang Mai BT3": [
    18.799906188457545,
    99.01778681437301
  ],
  "Chiang Mai Station": [
    18.783987982107366,
    99.01697066090912
  ],
  "Krung Thep Aphiwat Station": [
    13.803965,
    100.54192
  ],
  "Padang Besar (Thailand) Station": [
    6.668834,
    100.324502
  ],
  "Butterworth Station": [
    5.393295,
    100.366588
  ],
  "Ipoh Station": [
    4.59748,
    101.073073
  ],
  "KL Sentral Station": [
    3.134553,
    101.686163
  ],
  "KL Sentral": [
    3.134553,
    101.686163
  ],
  "Melaka Sentral": [
    2.220788,
    102.249576
  ],
  "新加坡": [
    1.3521,
    103.8198
  ],
  "新加坡樟宜T1": [
    1.3594,
    103.9895
  ],
  "杭州萧山T4": [
    30.234134,
    120.430634
  ],
  "贵阳龙洞堡T3": [
    26.5385,
    106.8007
  ],
  "香港西九龙站": [
    22.3047,
    114.1614
  ],
  "深圳宝安T3": [
    22.627554,
    113.81184
  ]
}